,All,A,B,C,D,Pred_bkg
IT,116041.0,187.0,60.0,58752.0,57042.0,61.79867466077627
OOT,507316.0,97.0,124.0,223587.0,283508.0,97.79190710667777
